,Buy & Hold,JNJ
Cumulative Return,0.16539870961192,0.16539870961192
Sharpe Ratio,8.149776859923634,8.149776859923634
Max DrawnDown,0.02731099088596223,0.02731099088596223
Annualized Volatility,0.7306155307526928,0.7306155307526928
