,Buy & Hold,JNJ
Cumulative Return,0.05931004589412379,-0.025864453984683594
Sharpe Ratio,1.5280458607803105,-0.7161906246445429
Max DrawnDown,0.046372454909930874,0.11618786010356756
Annualized Volatility,0.15048009455872882,0.14001090641894778
