,Buy & Hold,JNJ
Cumulative Return,0.05931004589412379,-0.019846741735364302
Sharpe Ratio,1.5280458607803105,-0.5518143770706634
Max DrawnDown,0.046372454909930874,0.09597668514337408
Annualized Volatility,0.15048009455872882,0.13943872112218092
